nawil_kerja,kode_uker,nama_bank,nama_bank_cabang
Semarang,6019,"BANK RAKYAT INDONESIA","PT. BRI CABANG PURWODADI - UNIT KARANGASEM"
Semarang,6019,"BANK RAKYAT INDONESIA","PT. BRI CABANG PURWODADI - UNIT KARANGASEM"
Medan,7438,"BANK RAKYAT INDONESIA","PT. BRI CABANG RANTAU PRAPAT - UNIT PADANG HALABAN RANTAU PRA"
Madiun,6550,"BANK RAKYAT INDONESIA","PT. BRI CABANG TRENGGALEK - UNIT DONGKO"
"DKI Jakarta",7888,"BANK RAKYAT INDONESIA","PT. BRI CABANG BEKASI - UNIT KARANG SATRIA"
"DKI Jakarta",7320,"BANK RAKYAT INDONESIA","PT. BRI CABANG JAKARTA KRAMAT JATI - UNIT TANAH MERDEKA"
Surabaya,7124,"BANK RAKYAT INDONESIA","PT. BRI CABANG SAMPANG - UNIT SEKARMULYA"
Yogyakarta,6987,"BANK RAKYAT INDONESIA","PT. BRI CABANG WONOSARI - UNIT WONOSARI I WONOSARI"
Mamuju,7964,"BANK RAKYAT INDONESIA","PT. BRI CABANG MAMUJU - UNIT BULU MARIO "
Purwokerto,7448,"BANK RAKYAT INDONESIA","PT. BRI CABANG BANJARNEGARA - UNIT PETAMBAKAN "
Semarang,6023,"BANK RAKYAT INDONESIA","PT. BRI CABANG PURWODADI - UNIT PULOKULON"
Solo,6663,"BANK RAKYAT INDONESIA","PT. BRI CABANG BOYOLALI - UNIT CEPOGO"
Banyuwangi,6118,"BANK RAKYAT INDONESIA","PT. BRI CABANG BANYUWANGI - UNIT KABAT"
Kendari,7394,"BANK RAKYAT INDONESIA","PT. BRI CABANG KENDARI - UNIT SARANANI"
"DKI Jakarta",7253,"BANK RAKYAT INDONESIA","PT. BRI CABANG TAMBUN - UNIT PONDOK TIMUR"
Madiun,6344,"BANK RAKYAT INDONESIA","PT. BRI CABANG MADIUN - UNIT PURWOREJO"
Purwokerto,6819,"BANK RAKYAT INDONESIA","PT. BRI CABANG PURBALINGGA - UNIT KUTASARI"
Aceh,7276,"BANK RAKYAT INDONESIA","PT. BRI CABANG LANGSA - UNIT LAKSAMANA MALAHAYATI LANG"
Kudus,7484,"BANK RAKYAT INDONESIA","PT. BRI CABANG PATI - UNIT TAMBAHARJO "
Kendari,7393,"BANK RAKYAT INDONESIA","PT. BRI CABANG KENDARI - UNIT MOWILA"
Kediri,6169,"BANK RAKYAT INDONESIA","PT. BRI CABANG BLITAR - UNIT KESAMBEN"
Malang,7242,"BANK RAKYAT INDONESIA","PT. BRI CABANG PASURUAN - UNIT WINONGAN"
Kediri,6175,"BANK RAKYAT INDONESIA","PT. BRI CABANG BLITAR - UNIT TALUN"
Madiun,6435,"BANK RAKYAT INDONESIA","PT. BRI CABANG NGAWI - UNIT POJOK"
Kendari,7452,"BANK RAKYAT INDONESIA","PT. BRI CABANG KENDARI - UNIT UNHALU"
Kupang,7830,"BANK RAKYAT INDONESIA","PT. BRI CABANG KUPANG - UNIT TARUS"
Yogyakarta,6987,"BANK RAKYAT INDONESIA","PT. BRI CABANG WONOSARI - UNIT WONOSARI I WONOSARI"
Kediri,6157,"BANK RAKYAT INDONESIA","PT. BRI CABANG BLITAR - UNIT KUNIR"
Medan,7634,"BANK RAKYAT INDONESIA","PT. BRI CABANG MEDAN ISKANDAR MUDA - UNIT MABAR"
Madiun,6346,"BANK RAKYAT INDONESIA","PT. BRI CABANG MADIUN - UNIT BALEREJO"
Pekanbaru,5404,"BANK RAKYAT INDONESIA","PT. BRI CABANG BAGAN SIAPI API - UNIT BAGAN SIAPI API KOTA"
Kendari,3513,"BANK RAKYAT INDONESIA","PT. BRI CABANG KOLAKA - UNIT POMALA "
Surabaya,3134,"BANK RAKYAT INDONESIA","PT. BRI CABANG SURABAYA HR MUHAMMAD - UNIT SIMOMULYO SURABAYA"
"Bandar Lampung",5653,"BANK RAKYAT INDONESIA","PT. BRI CABANG KOTA BUMI - UNIT BUNGA MAYANG KOTABUMI"
Sukabumi,4078,"BANK RAKYAT INDONESIA","PT. BRI CABANG CIANJUR - UNIT CIKAROYA"
Parepare,5056,"BANK RAKYAT INDONESIA","PT. BRI CABANG SIDRAP - UNIT AMPARITA"
Makassar,3825,"BANK RAKYAT INDONESIA","PT. BRI CABANG MAKASSAR SOMBA OPU - UNIT MANGASA"
Kudus,5961,"BANK RAKYAT INDONESIA","PT. BRI CABANG PATI - UNIT PUCAKWANGI"
Palopo,4942,"BANK RAKYAT INDONESIA","PT. BRI CABANG RANTEPAO - UNIT MAKALE"
Sukabumi,4078,"BANK RAKYAT INDONESIA","PT. BRI CABANG CIANJUR - UNIT CIKAROYA"
"Tanjung Pinang",7609,"BANK RAKYAT INDONESIA","PT. BRI CABANG  TANJUNG PINANG - UNIT SOEKARNO HATTA"
Kudus,5833,"BANK RAKYAT INDONESIA","PT. BRI CABANG BLORA - UNIT JETIS"
Kudus,6036,"BANK RAKYAT INDONESIA","PT. BRI CABANG REMBANG - UNIT SULANG"
Surabaya,7647,"BANK RAKYAT INDONESIA","PT. BRI CABANG SIDOARJO - UNIT SIDOARJO KOTA 2"
Makassar,7442,"BANK RAKYAT INDONESIA","PT. BRI CABANG MAKASSAR TAMALANREA - UNIT KAPASA "
"DKI Jakarta",0997,"BANK RAKYAT INDONESIA","PT. BRI CABANG  KALIMALANG - UNIT MALAKA"
Manado,7761,"BANK RAKYAT INDONESIA","PT. BRI CABANG MANADO UNIT WAWONASA "
Makassar,5091,"BANK RAKYAT INDONESIA","PT. BRI CABANG TAKALAR - UNIT TAMALATE"
"Bandar Lampung",5771,"BANK RAKYAT INDONESIA","PT. BRI CABANG PRINGSEWU - UNIT ADILUWIH"
Palopo,5005,"BANK RAKYAT INDONESIA","PT. BRI CABANG PALOPO - UNIT SULI"
Banyuwangi,6538,"BANK RAKYAT INDONESIA","PT. BRI CABANG SITUBONDO - UNIT MANGARAN"
Kudus,5961,"BANK RAKYAT INDONESIA","PT. BRI CABANG PATI - UNIT PUCAKWANGI"
Palangkaraya,7726,"BANK RAKYAT INDONESIA","PT. BRI CABANG PANGKALAN BUN - UNIT SEMATU JAYA"
Solo,6649,"BANK RAKYAT INDONESIA","PT. BRI CABANG BOYOLALI - UNIT JEMBUNGAN"
Kediri,6168,"BANK RAKYAT INDONESIA","PT. BRI CABANG BLITAR - UNIT GARUM"
Kediri,6155,"BANK RAKYAT INDONESIA","PT. BRI CABANG BLITAR - UNIT KADEMANGAN"
Yogyakarta,3074,"BANK RAKYAT INDONESIA","PT. BRI CABANG SLEMAN - UNIT TURI"
"Bandar Lampung",5653,"BANK RAKYAT INDONESIA","PT. BRI CABANG KOTA BUMI - UNIT BUNGA MAYANG KOTABUMI"
Balige,5387,"BANK RAKYAT INDONESIA","PT. BRI CABANG TARUTUNG - UNIT SIBORONG BORONG"
Kediri,6155,"BANK RAKYAT INDONESIA","PT. BRI CABANG BLITAR - UNIT KADEMANGAN"
Makassar,4966,"BANK RAKYAT INDONESIA","PT. BRI CABANG MAROS - UNIT HASANUDDIN"
Makassar,3420,"BANK RAKYAT INDONESIA","PT. BRI CABANG WATAMPONE - UNIT WATAMPONE"
"DKI Jakarta",7638,"BANK RAKYAT INDONESIA","PT. BRI CABANG  KALIMALANG - UNIT KOLONEL SUGIONO"
Sukabumi,4078,"BANK RAKYAT INDONESIA","PT. BRI CABANG CIANJUR - UNIT CIKAROYA"
Medan,5276,"BANK RAKYAT INDONESIA","PT. BRI CABANG KABANJAHE - UNIT KUTABULUH"
Palembang,5762,"BANK RAKYAT INDONESIA","PT. BRI CABANG PALEMBANG A. RIVAI - UNIT MERDEKA PALEMBANG "
Banjarmasin,4489,"BANK RAKYAT INDONESIA","PT. BRI CABANG BANJARMASIN SAMUDERA - UNIT PASAR LAMA"
"DKI Jakarta",7638,"BANK RAKYAT INDONESIA","PT. BRI CABANG  KALIMALANG - UNIT KOLONEL SUGIONO"
Semarang,6995,"BANK RAKYAT INDONESIA","PT. BRI CABANG WONOSOBO - UNIT KALIKAJAR"
Malang,6398,"BANK RAKYAT INDONESIA","PT. BRI CABANG KEPANJEN - UNIT GONDANGLEGI"
Jayapura,7170,"BANK RAKYAT INDONESIA","PT. BRI CABANG NABIRE - UNIT ENAROTALI"
Semarang,0979,"BANK RAKYAT INDONESIA","PT. BRI CABANG SEMARANG MURA - UNIT TANJUNG MAS"
Kediri,6584,"BANK RAKYAT INDONESIA","PT. BRI CABANG TULUNGAGUNG - UNIT PATIMURA"
Makassar,7269,"BANK RAKYAT INDONESIA","PT. BRI CABANG SENGKANG - UNIT KEERA"
Solo,6739,"BANK RAKYAT INDONESIA","PT. BRI CABANG KLATEN - UNIT KARANGNONGKO"
Solo,6705,"BANK RAKYAT INDONESIA","PT. BRI CABANG KARANGANYAR - UNIT MATESIH"
"Bandar Lampung",5653,"BANK RAKYAT INDONESIA","PT. BRI CABANG KOTA BUMI - UNIT BUNGA MAYANG KOTABUMI"
Sukabumi,4078,"BANK RAKYAT INDONESIA","PT. BRI CABANG CIANJUR - UNIT CIKAROYA"
Surabaya,6209,"BANK RAKYAT INDONESIA","PT. BRI CABANG GRESIK - UNIT DUDUKSAMPEYAN"
Kediri,3748,"BANK RAKYAT INDONESIA","PT. BRI CABANG NGANJUK - UNIT BAGOR"
Palangkaraya,4575,"BANK RAKYAT INDONESIA","PT. BRI CABANG SAMPIT - UNIT PARENGGEAN"
Cirebon,4306,"BANK RAKYAT INDONESIA","PT. BRI CABANG MAJALENGKA - UNIT PADAREK"
Kediri,3502,"BANK RAKYAT INDONESIA","PT. BRI CABANG BLITAR - UNIT SUTOJAYAN"
Madiun,6442,"BANK RAKYAT INDONESIA","PT. BRI CABANG NGAWI - UNIT KEDUNGGALAR"
Tasikmalaya,4443,"BANK RAKYAT INDONESIA","PT. BRI CABANG TASIKMALAYA - UNIT BANTAR"
Sukabumi,4078,"BANK RAKYAT INDONESIA","PT. BRI CABANG CIANJUR - UNIT CIKAROYA"
Makassar,7519,"BANK RAKYAT INDONESIA","PT. BRI CABANG WATAMPONE - UNIT CINA"
Semarang,6043,"BANK RAKYAT INDONESIA","PT. BRI CABANG SALATIGA - UNIT TENGARAN"
Bandung,4167,"BANK RAKYAT INDONESIA","PT. BRI CABANG GARUT - UNIT CISURUPAN"
Surabaya,6178,"BANK RAKYAT INDONESIA","PT. BRI CABANG BOJONEGORO - UNIT KAPAS"
Surabaya,6181,"BANK RAKYAT INDONESIA","PT. BRI CABANG BOJONEGORO - UNIT SUGIHWARAS"
Kudus,5949,"BANK RAKYAT INDONESIA","PT. BRI CABANG PATI - UNIT WINONG"
Surabaya,6181,"BANK RAKYAT INDONESIA","PT. BRI CABANG BOJONEGORO - UNIT SUGIHWARAS"
Surabaya,6301,"BANK RAKYAT INDONESIA","PT. BRI CABANG LAMONGAN - UNIT SUKODADI"
Semarang,6016,"BANK RAKYAT INDONESIA","PT. BRI CABANG PURWODADI - UNIT BRATI"
Palopo,8105,"BANK RAKYAT INDONESIA","PT. BRI CABANG MASAMBA - UNIT BELAWA BARU"
Surabaya,3193,"BANK RAKYAT INDONESIA","PT. BRI CABANG SURABAYA KAPAS KRAMPUNG - UNIT KAPAS KRAMPUNG "
Purwakarta,4350,"BANK RAKYAT INDONESIA","PT. BRI CABANG PURWAKARTA - UNIT CAMPAKA SARI"
Surabaya,6212,"BANK RAKYAT INDONESIA","PT. BRI CABANG JEMBER - UNIT JENGGAWAH"
Palu,5231,"BANK RAKYAT INDONESIA","PT. BRI CABANG TOLI-TOLI - UNIT DIAPATI"
Kupang,3618,"BANK RAKYAT INDONESIA","PT. BRI CABANG KUPANG - UNIT BAA ROTE"
Aceh,3525,"BANK RAKYAT INDONESIA","PT. BRI CABANG TAKENGON - UNIT KOTA"
Surabaya,6327,"BANK RAKYAT INDONESIA","PT. BRI CABANG LUMAJANG - UNIT PASIRIAN"
Parepare,5062,"BANK RAKYAT INDONESIA","PT. BRI CABANG SIDRAP - UNIT OTTING"
Kediri,6265,"BANK RAKYAT INDONESIA","PT. BRI CABANG KEDIRI - UNIT PELAS"
Semarang,6685,"BANK RAKYAT INDONESIA","PT. BRI CABANG GOMBONG - UNIT BUAYAN"
Surabaya,6180,"BANK RAKYAT INDONESIA","PT. BRI CABANG BOJONEGORO - UNIT NGRAHO"
Kudus,5880,"BANK RAKYAT INDONESIA","PT. BRI CABANG CEPU - UNIT SIDOREJO"
"Bandar Lampung",7377,"BANK RAKYAT INDONESIA","PT. BRI CABANG KOTABUMI - UNIT BANJIT"
Madiun,6560,"BANK RAKYAT INDONESIA","PT. BRI CABANG TRENGGALEK - UNIT KARANGAN"
Jambi,5563,"BANK RAKYAT INDONESIA","PT. BRI CABANG SUNGAI PENUH - UNIT SIULAK GEDANG"
Cirebon,4240,"BANK RAKYAT INDONESIA","PT. BRI CABANG JATIBARANG - UNIT TUKDANA"
Surabaya,6183,"BANK RAKYAT INDONESIA","PT. BRI CABANG BOJONEGORO - UNIT BAURENO"
"Tanjung Pinang",5568,"BANK RAKYAT INDONESIA","PT. BRI CABANG TANJUNG PINANG - UNIT PINANG KENCANA TANJUNG PINANG"
Palopo,7839,"BANK RAKYAT INDONESIA","PT. BRI CABANG PALOPO - UNIT RAMBUTAN"
Banyuwangi,6128,"BANK RAKYAT INDONESIA","PT. BRI CABANG BANYUWANGI - UNIT PESANGGARAN"
Makassar,7492,"BANK RAKYAT INDONESIA","PT. BRI CABANG TAKALAR - UNIT BONTORAMBA"
Tasikmalaya,4373,"BANK RAKYAT INDONESIA","PT. BRI CABANG SINGAPARNA - UNIT BOJONGGAMBIR"
Makassar,5050,"BANK RAKYAT INDONESIA","PT. BRI CABANG SENGKANG - UNIT PENEKI"
Bandung,4170,"BANK RAKYAT INDONESIA","PT. BRI CABANG GARUT - UNIT KOTA KALER"
Kediri,3203,"BANK RAKYAT INDONESIA","PT. BRI CABANG JOMBANG - UNIT PETERONGAN"
Semarang,6995,"BANK RAKYAT INDONESIA","PT. BRI CABANG WONOSOBO - UNIT KALIKAJAR"
Kudus,3444,"BANK RAKYAT INDONESIA","PT. BRI CABANG PATI - UNIT PATI II"
Palangkaraya,4541,"BANK RAKYAT INDONESIA","PT. BRI CABANG PALANGKARAYA - UNIT RAJAWALI"
Cirebon,4306,"BANK RAKYAT INDONESIA","PT. BRI CABANG MAJALENGKA - UNIT PADAREK"
Medan,3352,"BANK RAKYAT INDONESIA","PT. BRI CABANG PEMATANG SIANTAR - UNIT PASAR HORAS"
Surabaya,3138,"BANK RAKYAT INDONESIA","PT. BRI CABANG SURABAYA KERTAJAYA - UNIT MEJOYO"
Kudus,5833,"BANK RAKYAT INDONESIA","PT. BRI CABANG BLORA - UNIT JETIS"
"Bandar Lampung",5653,"BANK RAKYAT INDONESIA","PT. BRI CABANG KOTA BUMI - UNIT BUNGA MAYANG KOTABUMI"
"Bandar Lampung",5653,"BANK RAKYAT INDONESIA","PT. BRI CABANG KOTA BUMI - UNIT BUNGA MAYANG KOTABUMI"
Kudus,3784,"BANK RAKYAT INDONESIA","PT. BRI CABANG CEPU - UNIT KEDUNGTUBAN"
Surabaya,3193,"BANK RAKYAT INDONESIA","PT. BRI CABANG SURABAYA KAPAS KRAMPUNG - UNIT KAPAS KRAMPUNG "
Makassar,4964,"BANK RAKYAT INDONESIA","PT. BRI CABANG MAROS - UNIT BANTIMURUNG"
Makassar,3421,"BANK RAKYAT INDONESIA","PT. BRI CABANG SINJAI - UNIT PALATTAE"
Padang,5447,"BANK RAKYAT INDONESIA","PT. BRI CABANG SIMPANG EMPAT - UNIT KINALI "
Padang,5447,"BANK RAKYAT INDONESIA","PT. BRI CABANG SIMPANG EMPAT - UNIT KINALI "
Medan,5345,"BANK RAKYAT INDONESIA","PT. BRI CABANG PEMATANG SIANTAR - UNIT BANGUN"
Surabaya,7835,"BANK RAKYAT INDONESIA","PT. BRI CABANG SIDOARJO - UNIT TROPODO"
"Bandar Lampung",5597,"BANK RAKYAT INDONESIA","PT. BRI CABANG BANDAR JAYA - UNIT PURNAMA TUNGGAL"
Kediri,3748,"BANK RAKYAT INDONESIA","PT. BRI CABANG NGANJUK - UNIT BAGOR"
Medan,5278,"BANK RAKYAT INDONESIA","PT. BRI CABANG KABANJAHE - UNIT MUNTE"
Surabaya,6178,"BANK RAKYAT INDONESIA","PT. BRI CABANG BOJONEGORO - UNIT KAPAS"
Padang,5469,"BANK RAKYAT INDONESIA","PT. BRI CABANG PADANG - UNIT LUBUK BEGALUNG "
Tasikmalaya,4443,"BANK RAKYAT INDONESIA","PT. BRI CABANG TASIKMALAYA - UNIT BANTAR"
Pekanbaru,7660,"BANK RAKYAT INDONESIA","PT. BRI CABANG BAGAN SIAPI API - UNIT LENGGADAI"
Padang,5557,"BANK RAKYAT INDONESIA","PT. BRI CABANG SUNGAI PENUH - UNIT KAYU ARO"
Kudus,6036,"BANK RAKYAT INDONESIA","PT. BRI CABANG REMBANG - UNIT SULANG"
Jambi,5635,"BANK RAKYAT INDONESIA","PT. BRI CABANG JAMBI - UNIT THEHOK"
Solo,6649,"BANK RAKYAT INDONESIA","PT. BRI CABANG BOYOLALI - UNIT JEMBUNGAN"
Bandung,0890,"BANK RAKYAT INDONESIA","PT. BRI CABANG SUMEDANG - UNIT JATINANGOR"
Surabaya,7417,"BANK RAKYAT INDONESIA","PT. BRI CABANG SAMPANG - UNIT SRIMANGUNAN"
Bandung,3289,"BANK RAKYAT INDONESIA","PT. BRI CABANG BANDUNG SOREANG - UNIT KATAPANG"
Semarang,6089,"BANK RAKYAT INDONESIA","PT. BRI CABANG UNGARAN - UNIT BANDARJO"
Kudus,3784,"BANK RAKYAT INDONESIA","PT. BRI CABANG CEPU - UNIT KEDUNGTUBAN"
Semarang,5914,"BANK RAKYAT INDONESIA","PT. BRI CABANG KENDAL - UNIT TAMPINGAN"
Jayapura,7533,"BANK RAKYAT INDONESIA","PT. BRI CABANG  SENTANI - UNIT DOYO"
Surabaya,6572,"BANK RAKYAT INDONESIA","PT. BRI CABANG TUBAN - UNIT SINGGAHAN"
"Bandar Lampung",5663,"BANK RAKYAT INDONESIA","PT. BRI CABANG  LIWA - UNIT SUMBER JAYA"
Kediri,6165,"BANK RAKYAT INDONESIA","PT. BRI CABANG BLITAR - UNIT WATES"
Solo,6741,"BANK RAKYAT INDONESIA","PT. BRI CABANG KLATEN - UNIT KEBONARUM"
Surabaya,6219,"BANK RAKYAT INDONESIA","PT. BRI CABANG JEMBER - UNIT UMBULSARI"
Jambi,5632,"BANK RAKYAT INDONESIA","PT. BRI CABANG JAMBI - UNIT SP IV SIPIN"
Pekalongan,6059,"BANK RAKYAT INDONESIA","PT. BRI CABANG TEGAL - UNIT ADIWERNA I"
Manado,0237,"BANK RAKYAT INDONESIA","PT. BRI CABANG TONDANO"
"Bandar Lampung",5663,"BANK RAKYAT INDONESIA","PT. BRI CABANG  LIWA - UNIT SUMBER JAYA"
Makassar,4874,"BANK RAKYAT INDONESIA","PT. BRI CABANG BANTAENG - UNIT BANYORANG"
Makassar,4922,"BANK RAKYAT INDONESIA","PT. BRI CABANG JENEPONTO - UNIT BONTOTANGNGA"
Solo,6666,"BANK RAKYAT INDONESIA","PT. BRI CABANG BOYOLALI - UNIT MUSUK"
"Bandar Lampung",7705,"BANK RAKYAT INDONESIA","PT. BRI CABANG TULANG BAWANG - UNIT MENGGALA"
Sukabumi,4097,"BANK RAKYAT INDONESIA","PT. BRI CABANG CIBADAK - UNIT NAGRAK"
Surabaya,7092,"BANK RAKYAT INDONESIA","PT. BRI CABANG BONDOWOSO - UNIT WRINGIN"
Palembang,5750,"BANK RAKYAT INDONESIA","PT. BRI CABANG PALEMBANG A. RIVAI - UNIT LINGKARAN PALEMBANG"
Semarang,3038,"BANK RAKYAT INDONESIA","PT. BRI CABANG SEMARANG PANDANARAN - UNIT HASANUDIN"
Banyuwangi,6111,"BANK RAKYAT INDONESIA","PT. BRI (PERSERO) Tbk. Kantor Cabang Genteng - Unit Cluring"
Semarang,6725,"BANK RAKYAT INDONESIA","PT. BRI CABANG KEBUMEN - UNIT KUTOWINANGUN"
Madiun,6504,"BANK RAKYAT INDONESIA","PT. BRI CABANG PONOROGO - UNIT JENANGAN"
Padang,7654,"BANK RAKYAT INDONESIA","PT. BRI CABANG PARIAMAN - UNIT BATU BASA "
"DKI Jakarta",4798,"BANK RAKYAT INDONESIA","PT. BRI CABANG BOGOR DS - UNIT CIGUDEG"
Kediri,6268,"BANK RAKYAT INDONESIA","PT. BRI CABANG KEDIRI - UNIT PURWOKERTO"
Semarang,5881,"BANK RAKYAT INDONESIA","PT. BRI CABANG SEMARANG BRIGJEN SUDIARTO - UNIT BANDUNGREJO"
Bengkulu,5684,"BANK RAKYAT INDONESIA","PT. BRI CABANG MANNA - UNIT BANDAR BINTUHAN"
Parepare,5018,"BANK RAKYAT INDONESIA","PT. BRI CABANG PARE-PARE - UNIT LAKESSI"
"Pangkal Pinang",7141,"BANK RAKYAT INDONESIA","PT. BRI CABANG PANGKAL PINANG- UNIT AIR ITAM"
Malang,6386,"BANK RAKYAT INDONESIA","PT. BRI CABANG MALANG MARTADINATA - UNIT WAGIR"
Tangerang,0825,"BANK RAKYAT INDONESIA","PT. BRI CABANG TANGERANG - UNIT JATAKE"
Malang,6484,"BANK RAKYAT INDONESIA","PT. BRI CABANG PASURUAN - UNIT PASREPAN"
Pekalongan,6059,"BANK RAKYAT INDONESIA","PT. BRI CABANG TEGAL - UNIT ADIWERNA I"
Madiun,3759,"BANK RAKYAT INDONESIA","PT. BRI CABANG NGAWI - UNIT WALIKUKUN"
Semarang,6046,"BANK RAKYAT INDONESIA","PT. BRI CABANG SALATIGA - UNIT BOTO"
Surabaya,3644,"BANK RAKYAT INDONESIA","PT. BRI CABANG TUBAN - UNIT MOJOPAHIT"
Makassar,5100,"BANK RAKYAT INDONESIA","PT. BRI CABANG WATAMPONE - UNIT CINNONG"
Pekalongan,5846,"BANK RAKYAT INDONESIA","PT. BRI CABANG BREBES - UNIT LARANGAN"
"Bandar Lampung",7704,"BANK RAKYAT INDONESIA","PT. BRI CABANG  TULANG BAWANG - UNIT SIMPANG PEMATANG II TULANG BAWANG"
Tasikmalaya,4380,"BANK RAKYAT INDONESIA","PT. BRI CABANG SINGAPARNA - UNIT SODONGHILIR"
Tarakan,4597,"BANK RAKYAT INDONESIA","PT. BRI CABANG NUNUKAN - UNIT SUNGAI NYAMUK"
Semarang,6725,"BANK RAKYAT INDONESIA","PT. BRI CABANG KEBUMEN - UNIT KUTOWINANGUN"
Kediri,6592,"BANK RAKYAT INDONESIA","PT. BRI CABANG TULUNGAGUNG - UNIT KAUMAN"
Jambi,5559,"BANK RAKYAT INDONESIA","PT. BRI CABANG SUNGAI PENUH - UNIT MURADI"
Pekalongan,7091,"BANK RAKYAT INDONESIA","PT. BRI CABANG PEMALANG - UNIT PASAR COMAL"
Bandung,7580,"BANK RAKYAT INDONESIA","PT. BRI CABANG BANDUNG SOREANG - UNIT NARINGGUL"
Makassar,3420,"BANK RAKYAT INDONESIA","PT. BRI CABANG WATAMPONE - UNIT WATAMPONE"
Kediri,3640,"BANK RAKYAT INDONESIA","PT. BRI CABANG JOMBANG - UNIT NGORO"
Surabaya,6228,"BANK RAKYAT INDONESIA","PT. BRI CABANG JEMBER - UNIT TANGGUL KULON"
Pekalongan,5875,"BANK RAKYAT INDONESIA","PT. BRI CABANG BUMIAYU - UNIT TARABAN"
Solo,6735,"BANK RAKYAT INDONESIA","PT. BRI CABANG KLATEN - UNIT JUWIRING I"
Pekalongan,3685,"BANK RAKYAT INDONESIA","PT. BRI CABANG BUMIAYU - UNIT KALIERANG"
Solo,6864,"BANK RAKYAT INDONESIA","PT. BRI CABANG SRAGEN - UNIT CELEP"
Semarang,5998,"BANK RAKYAT INDONESIA","PT. BRI CABANG PURWODADI - UNIT KARANGRAYUNG"
Semarang,3739,"BANK RAKYAT INDONESIA","PT. BRI CABANG SEMARANG BRIGJEN SUDIARTO - UNIT KARANGAWEN"
Purwakarta,3776,"BANK RAKYAT INDONESIA","PT. BRI CABANG SUBANG - UNIT BUNIHAYU"
"DKI Jakarta",3242,"BANK RAKYAT INDONESIA","PT. BRI CABANG DAAN MOGOT - UNIT CENGKARENG TIMUR"
Makassar,5104,"BANK RAKYAT INDONESIA","PT. BRI CABANG SINJAI - UNIT LIBURENG"
Pekanbaru,5426,"BANK RAKYAT INDONESIA","PT. BRI CABANG SIAK - UNIT SUNGAI APIT"
Pekanbaru,5571,"BANK RAKYAT INDONESIA","PT. BRI CABANG TEMBILAHAN - UNIT HARAPAN"
Pekalongan,6059,"BANK RAKYAT INDONESIA","PT. BRI CABANG TEGAL - UNIT ADIWERNA I"
Surabaya,6193,"BANK RAKYAT INDONESIA","PT. BRI CABANG BONDOWOSO - UNIT CERMEE"
Palembang,7046,"BANK RAKYAT INDONESIA","PT. BRI CABANG LUBUK LINGGAU - UNIT MUARA KELINGI LUBUK LINGGAU"
Samarinda,4585,"BANK RAKYAT INDONESIA","PT. BRI CABANG TANJUNG REDEB - UNIT KONGBENG"
Solo,3591,"BANK RAKYAT INDONESIA","PT. BRI CABANG SOLO KARTASURA - UNIT DELANGGU 1"
Palopo,5007,"BANK RAKYAT INDONESIA","PT. BRI CABANG MASAMBA - UNIT TOMONI"
Semarang,5911,"BANK RAKYAT INDONESIA","PT. BRI CABANG KENDAL - UNIT PENARUBAN"
Tarakan,4597,"BANK RAKYAT INDONESIA","PT. BRI CABANG NUNUKAN - UNIT SUNGAI NYAMUK"
Madiun,3759,"BANK RAKYAT INDONESIA","PT. BRI CABANG NGAWI - UNIT WALIKUKUN"
Aceh,3917,"BANK RAKYAT INDONESIA","PT. BRI CABANG BANDA ACEH - UNIT PEUNAYONG"
Bengkulu,5582,"BANK RAKYAT INDONESIA","PT. BRI CABANG ARGA MAKMUR - UNIT KETAHUN"
Semarang,5998,"BANK RAKYAT INDONESIA","PT. BRI CABANG PURWODADI - UNIT KARANGRAYUNG"
Palopo,5007,"BANK RAKYAT INDONESIA","PT. BRI CABANG MASAMBA - UNIT TOMONI"
Pekalongan,3742,"BANK RAKYAT INDONESIA","PT. BRI CABANG BATANG - UNIT BATANG KOTA"
Solo,6656,"BANK RAKYAT INDONESIA","PT. BRI CABANG BOYOLALI - UNIT NOGOSARI"
Purwakarta,3776,"BANK RAKYAT INDONESIA","PT. BRI CABANG SUBANG - UNIT BUNIHAYU"
Pekalongan,5846,"BANK RAKYAT INDONESIA","PT. BRI CABANG BREBES - UNIT LARANGAN"
Makassar,5104,"BANK RAKYAT INDONESIA","PT. BRI CABANG SINJAI - UNIT LIBURENG"
Kudus,5922,"BANK RAKYAT INDONESIA","PT. BRI CABANG KUDUS - UNIT DAWE"
Medan,3533,"BANK RAKYAT INDONESIA","PT. BRI CABANG PEMATANG SIANTAR - UNIT SERBELAWAN"
Surabaya,6204,"BANK RAKYAT INDONESIA","PT. BRI CABANG BONDOWOSO - UNIT TEGAL AMPEL"
Balikpapan,7261,"BANK RAKYAT INDONESIA","PT. BRI CABANG BALIKPAPAN - UNIT BATUAMPAR"
Surabaya,6189,"BANK RAKYAT INDONESIA","PT. BRI CABANG BOJONEGORO - UNIT MARGOAGUNG"
Surabaya,7092,"BANK RAKYAT INDONESIA","PT. BRI CABANG BONDOWOSO - UNIT WRINGIN"
Kediri,3211,"BANK RAKYAT INDONESIA","PT. BRI CABANG TULUNGAGUNG - UNIT CAMPUR DARAT"
"DKI Jakarta",0908,"BANK RAKYAT INDONESIA","PT. BRI CABANG TAMBUN - UNIT SUKADANAU"
Kupang,4678,"BANK RAKYAT INDONESIA","PT. BRI CABANG LARANTUKA - UNIT BALAURING"
Medan,5302,"BANK RAKYAT INDONESIA","PT. BRI CABANG  MEDAN GATOT SUBROTO - UNIT PETISAH"
Semarang,5911,"BANK RAKYAT INDONESIA","PT. BRI CABANG KENDAL - UNIT PENARUBAN"
Padang,7654,"BANK RAKYAT INDONESIA","PT. BRI CABANG PARIAMAN - UNIT BATU BASA "
Banjarmasin,4557,"BANK RAKYAT INDONESIA","PT. BRI CABANG PLEIHARI - UNIT PLEIHARI KOTA"
Kediri,6165,"BANK RAKYAT INDONESIA","PT. BRI CABANG BLITAR - UNIT WATES"
Solo,6741,"BANK RAKYAT INDONESIA","PT. BRI CABANG KLATEN - UNIT KEBONARUM"
Surabaya,6578,"BANK RAKYAT INDONESIA","PT. BRI CABANG TUBAN - UNIT KARANGAGUNG "
Bandung,0990,"BANK RAKYAT INDONESIA","PT. BRI Kantor Cabang Marthadinata - Unit Surapati"
Palembang,5673,"BANK RAKYAT INDONESIA","PT. BRI CABANG LAHAT - UNIT KOTA AGUNG"
